{
  "hash": "fd1bb7ff",
  "browserHash": "3aaa297a",
  "optimized": {
    "react": {
      "src": "../../node_modules/react/index.js",
      "file": "react.js",
      "fileHash": "b29674c1",
      "needsInterop": true
    },
    "react-dom/client": {
      "src": "../../node_modules/react-dom/client.js",
      "file": "react-dom_client.js",
      "fileHash": "04452171",
      "needsInterop": true
    },
    "react-icons/bs": {
      "src": "../../node_modules/react-icons/bs/index.esm.js",
      "file": "react-icons_bs.js",
      "fileHash": "9f8e31f8",
      "needsInterop": false
    },
    "react-icons/io5": {
      "src": "../../node_modules/react-icons/io5/index.esm.js",
      "file": "react-icons_io5.js",
      "fileHash": "425e6e87",
      "needsInterop": false
    },
    "react-router-dom": {
      "src": "../../node_modules/react-router-dom/dist/index.js",
      "file": "react-router-dom.js",
      "fileHash": "9d9757d8",
      "needsInterop": false
    }
  },
  "chunks": {
    "chunk-6TTJTGLE": {
      "file": "chunk-6TTJTGLE.js"
    },
    "chunk-QSQYAWSL": {
      "file": "chunk-QSQYAWSL.js"
    }
  }
}